id,date,store_nbr,item_nbr,unit_sales,onpromotion
0,2013-01-01,25,103665,7.0,
1,2013-01-01,25,105574,1.0,
2,2013-01-01,25,105575,2.0,
3,2013-01-01,25,108079,1.0,
4,2013-01-01,25,108701,1.0,
5,2013-01-01,25,108786,3.0,
6,2013-01-01,25,108797,1.0,
7,2013-01-01,25,108952,1.0,
8,2013-01-01,25,111397,13.0,
9,2013-01-01,25,114790,3.0,
10,2013-01-01,25,114800,1.0,
11,2013-01-01,25,115267,1.0,
12,2013-01-01,25,115611,1.0,
13,2013-01-01,25,115693,1.0,
14,2013-01-01,25,115720,5.0,
15,2013-01-01,25,115850,1.0,
16,2013-01-01,25,115891,6.0,
17,2013-01-01,25,115892,10.0,
18,2013-01-01,25,115894,5.0,
19,2013-01-01,25,119024,1.0,
20,2013-01-01,25,119026,1.0,
21,2013-01-01,25,119141,1.0,
22,2013-01-01,25,119187,1.0,
23,2013-01-01,25,119624,4.0,
24,2013-01-01,25,123927,1.0,
25,2013-01-01,25,129635,11.0,
26,2013-01-01,25,153239,3.0,
27,2013-01-01,25,153267,9.0,
28,2013-01-01,25,153395,7.0,
29,2013-01-01,25,155607,2.0,
30,2013-01-01,25,158680,1.0,
31,2013-01-01,25,158788,4.0,
32,2013-01-01,25,158842,9.0,
33,2013-01-01,25,158875,1.0,
34,2013-01-01,25,158956,5.0,
35,2013-01-01,25,159156,29.904,
36,2013-01-01,25,162066,2.0,
37,2013-01-01,25,164036,1.0,
38,2013-01-01,25,164088,3.0,
39,2013-01-01,25,165550,10.0,
40,2013-01-01,25,165551,1.0,
41,2013-01-01,25,165553,9.0,
42,2013-01-01,25,165594,4.0,
43,2013-01-01,25,165704,4.0,
44,2013-01-01,25,165705,15.0,
45,2013-01-01,25,165718,2.0,
46,2013-01-01,25,165988,1.0,
47,2013-01-01,25,168927,9.0,
48,2013-01-01,25,169104,1.0,
49,2013-01-01,25,172184,2.0,
50,2013-01-01,25,172343,1.0,
51,2013-01-01,25,173113,2.0,
52,2013-01-01,25,177050,1.0,
53,2013-01-01,25,179600,1.0,
54,2013-01-01,25,205387,1.0,
55,2013-01-01,25,207857,1.0,
56,2013-01-01,25,208384,3.0,
57,2013-01-01,25,208498,3.0,
58,2013-01-01,25,208514,2.0,
59,2013-01-01,25,211203,1.0,
60,2013-01-01,25,214381,5.0,
61,2013-01-01,25,214862,1.0,
62,2013-01-01,25,215331,2.0,
63,2013-01-01,25,215332,1.0,
64,2013-01-01,25,215352,46.0,
65,2013-01-01,25,215356,5.0,
66,2013-01-01,25,215370,2.0,
67,2013-01-01,25,219147,2.0,
68,2013-01-01,25,219150,21.0,
69,2013-01-01,25,220435,4.0,
70,2013-01-01,25,222879,5.0,
71,2013-01-01,25,223434,1.0,
72,2013-01-01,25,224081,6.0,
73,2013-01-01,25,226857,1.0,
74,2013-01-01,25,227111,1.0,
75,2013-01-01,25,246052,1.0,
76,2013-01-01,25,252970,3.0,
77,2013-01-01,25,252972,2.0,
78,2013-01-01,25,253103,2.0,
79,2013-01-01,25,257847,90.0,
80,2013-01-01,25,257848,10.0,
81,2013-01-01,25,258268,6.0,
82,2013-01-01,25,258396,5.0,
83,2013-01-01,25,260893,4.0,
84,2013-01-01,25,261052,1.0,
85,2013-01-01,25,261053,1.0,
86,2013-01-01,25,261700,3.0,
87,2013-01-01,25,262358,1.0,
88,2013-01-01,25,265254,4.0,
89,2013-01-01,25,265257,5.0,
90,2013-01-01,25,265258,5.0,
91,2013-01-01,25,265266,1.0,
92,2013-01-01,25,265559,2.0,
93,2013-01-01,25,268440,1.0,
94,2013-01-01,25,268443,7.0,
95,2013-01-01,25,268664,2.0,
96,2013-01-01,25,268676,3.0,
97,2013-01-01,25,268834,2.0,
98,2013-01-01,25,273528,2.0,
99,2013-01-01,25,275823,1.0,
100,2013-01-01,25,275826,1.0,
101,2013-01-01,25,279494,4.0,
102,2013-01-01,25,302997,4.0,
103,2013-01-01,25,305080,10.0,
104,2013-01-01,25,305081,1.0,
105,2013-01-01,25,305227,2.0,
106,2013-01-01,25,305229,8.0,
107,2013-01-01,25,305344,2.0,
108,2013-01-01,25,308085,9.0,
109,2013-01-01,25,308726,4.0,
110,2013-01-01,25,308916,1.0,
111,2013-01-01,25,310644,8.0,
112,2013-01-01,25,311954,5.0,
113,2013-01-01,25,311994,22.589,
114,2013-01-01,25,312324,1.0,
115,2013-01-01,25,313641,1.0,
116,2013-01-01,25,314384,8.0,
117,2013-01-01,25,314393,2.0,
118,2013-01-01,25,314570,3.0,
119,2013-01-01,25,315176,14.0,
120,2013-01-01,25,315179,4.0,
121,2013-01-01,25,315220,2.0,
122,2013-01-01,25,315277,5.0,
123,2013-01-01,25,315320,1.0,
124,2013-01-01,25,315322,1.0,
125,2013-01-01,25,315460,2.0,
126,2013-01-01,25,315463,14.0,
127,2013-01-01,25,315474,5.0,
128,2013-01-01,25,318787,2.0,
129,2013-01-01,25,318847,3.0,
130,2013-01-01,25,319093,6.0,
131,2013-01-01,25,319094,1.0,
132,2013-01-01,25,320682,1.0,
133,2013-01-01,25,323013,4.0,
134,2013-01-01,25,323227,1.0,
135,2013-01-01,25,323921,1.0,
136,2013-01-01,25,324206,3.0,
137,2013-01-01,25,329362,1.0,
138,2013-01-01,25,329397,2.0,
139,2013-01-01,25,346066,2.0,
140,2013-01-01,25,352513,1.0,
141,2013-01-01,25,355090,1.0,
142,2013-01-01,25,358096,1.0,
143,2013-01-01,25,358100,1.0,
144,2013-01-01,25,358231,3.0,
145,2013-01-01,25,358515,2.0,
146,2013-01-01,25,360314,5.0,
147,2013-01-01,25,361502,4.0,
148,2013-01-01,25,362035,2.0,
149,2013-01-01,25,363868,2.0,
150,2013-01-01,25,364413,1.0,
151,2013-01-01,25,364606,5.0,
152,2013-01-01,25,364738,6.0,
153,2013-01-01,25,364829,1.0,
154,2013-01-01,25,364834,1.0,
155,2013-01-01,25,365138,4.0,
156,2013-01-01,25,368140,15.0,
157,2013-01-01,25,368424,1.0,
158,2013-01-01,25,368624,1.0,
159,2013-01-01,25,368628,47.0,
160,2013-01-01,25,369432,2.0,
161,2013-01-01,25,370042,5.0,
162,2013-01-01,25,371437,1.0,
163,2013-01-01,25,372480,1.0,
164,2013-01-01,25,373152,1.0,
165,2013-01-01,25,374464,7.0,
166,2013-01-01,25,376427,1.0,
167,2013-01-01,25,378685,8.0,
168,2013-01-01,25,402174,8.0,
169,2013-01-01,25,406965,1.0,
170,2013-01-01,25,407769,1.0,
171,2013-01-01,25,410257,1.0,
172,2013-01-01,25,410866,1.0,
173,2013-01-01,25,414305,6.0,
174,2013-01-01,25,414353,4.0,
175,2013-01-01,25,414426,2.0,
176,2013-01-01,25,414478,2.0,
177,2013-01-01,25,414621,26.0,
178,2013-01-01,25,414623,1.0,
179,2013-01-01,25,414750,1.0,
180,2013-01-01,25,414752,1.0,
181,2013-01-01,25,414888,1.0,
182,2013-01-01,25,417765,2.0,
183,2013-01-01,25,417835,1.0,
184,2013-01-01,25,418235,23.0,
185,2013-01-01,25,420720,2.0,
186,2013-01-01,25,422452,1.0,
187,2013-01-01,25,426155,3.0,
188,2013-01-01,25,428488,1.0,
189,2013-01-01,25,452212,26.0,
190,2013-01-01,25,456870,1.0,
191,2013-01-01,25,456875,1.0,
192,2013-01-01,25,457424,7.0,
193,2013-01-01,25,457425,1.0,
194,2013-01-01,25,457574,8.655,
195,2013-01-01,25,457688,2.0,
196,2013-01-01,25,457928,3.052,
197,2013-01-01,25,458029,4.0,
198,2013-01-01,25,459762,5.0,
199,2013-01-01,25,462673,1.0,
200,2013-01-01,25,463598,3.0,
201,2013-01-01,25,464263,2.0,
202,2013-01-01,25,464333,1.0,
203,2013-01-01,25,464336,2.0,
204,2013-01-01,25,464339,1.0,
205,2013-01-01,25,464374,2.0,
206,2013-01-01,25,464385,7.0,
207,2013-01-01,25,464536,20.0,
208,2013-01-01,25,464906,1.0,
209,2013-01-01,25,468058,1.0,
210,2013-01-01,25,470625,1.0,
211,2013-01-01,25,471985,4.0,
212,2013-01-01,25,472526,1.0,
213,2013-01-01,25,502182,1.0,
214,2013-01-01,25,502227,4.0,
215,2013-01-01,25,502331,30.0,
216,2013-01-01,25,507457,1.0,
217,2013-01-01,25,507478,3.0,
218,2013-01-01,25,507479,1.0,
219,2013-01-01,25,507867,2.0,
220,2013-01-01,25,507927,1.0,
221,2013-01-01,25,509877,1.0,
222,2013-01-01,25,510054,7.0,
223,2013-01-01,25,510055,2.0,
224,2013-01-01,25,514172,4.0,
225,2013-01-01,25,514242,4.0,
226,2013-01-01,25,514327,7.0,
227,2013-01-01,25,517903,1.0,
228,2013-01-01,25,518091,42.0,
229,2013-01-01,25,518094,12.0,
230,2013-01-01,25,519560,3.63,
231,2013-01-01,25,521818,1.0,
232,2013-01-01,25,522721,1.0,
233,2013-01-01,25,552050,3.0,
234,2013-01-01,25,554047,2.0,
235,2013-01-01,25,554049,1.0,
236,2013-01-01,25,556698,2.0,
237,2013-01-01,25,557256,10.0,
238,2013-01-01,25,557257,7.0,
239,2013-01-01,25,557285,8.0,
240,2013-01-01,25,557408,3.0,
241,2013-01-01,25,557420,5.0,
242,2013-01-01,25,558730,1.0,
243,2013-01-01,25,559044,5.0,
244,2013-01-01,25,559870,16.0,
245,2013-01-01,25,559873,10.0,
246,2013-01-01,25,563966,3.0,
247,2013-01-01,25,564272,3.0,
248,2013-01-01,25,564274,4.0,
249,2013-01-01,25,564533,1.0,
250,2013-01-01,25,567623,4.0,
251,2013-01-01,25,567778,2.0,
252,2013-01-01,25,567781,2.0,
253,2013-01-01,25,567787,2.0,
254,2013-01-01,25,568133,1.0,
255,2013-01-01,25,575863,1.0,
256,2013-01-01,25,575875,4.0,
257,2013-01-01,25,577745,1.0,
258,2013-01-01,25,578097,3.0,
259,2013-01-01,25,580929,3.0,
260,2013-01-01,25,581078,5.0,
261,2013-01-01,25,582863,1.038,
262,2013-01-01,25,582864,23.749,
263,2013-01-01,25,583795,5.902,
264,2013-01-01,25,583797,2.054,
265,2013-01-01,25,583799,1.747,
266,2013-01-01,25,583868,1.466,
267,2013-01-01,25,583925,1.638,
268,2013-01-01,25,583927,3.4,
269,2013-01-01,25,583931,2.859,
270,2013-01-01,25,583968,1.612,
271,2013-01-01,25,583973,1.71,
272,2013-01-01,25,584026,1.447,
273,2013-01-01,25,584028,5.03,
274,2013-01-01,25,584076,2.873,
275,2013-01-01,25,584078,4.296,
276,2013-01-01,25,584188,0.714,
277,2013-01-01,25,586969,1.0,
278,2013-01-01,25,587069,1.0,
279,2013-01-01,25,587156,1.0,
280,2013-01-01,25,587186,2.0,
281,2013-01-01,25,594045,7.0,
282,2013-01-01,25,617092,1.0,
283,2013-01-01,25,617548,2.0,
284,2013-01-01,25,621300,1.0,
285,2013-01-01,25,623316,1.549,
286,2013-01-01,25,627263,2.0,
287,2013-01-01,25,633997,10.543,
288,2013-01-01,25,634009,0.833,
289,2013-01-01,25,634010,0.64,
290,2013-01-01,25,634014,0.502,
291,2013-01-01,25,634054,2.852,
292,2013-01-01,25,636846,1.0,
293,2013-01-01,25,637016,5.0,
294,2013-01-01,25,638240,1.0,
295,2013-01-01,25,638308,1.0,
296,2013-01-01,25,638327,2.0,
297,2013-01-01,25,641042,10.0,
298,2013-01-01,25,651523,3.0,
299,2013-01-01,25,655840,3.0,
300,2013-01-01,25,657869,1.0,
301,2013-01-01,25,660502,2.0,
302,2013-01-01,25,660503,1.0,
303,2013-01-01,25,664539,3.0,
304,2013-01-01,25,668754,1.0,
305,2013-01-01,25,671039,13.0,
306,2013-01-01,25,671051,11.0,
307,2013-01-01,25,671062,3.0,
308,2013-01-01,25,671076,3.0,
309,2013-01-01,25,671079,4.0,
310,2013-01-01,25,671083,5.0,
311,2013-01-01,25,671684,1.0,
312,2013-01-01,25,671699,0.88,
313,2013-01-01,25,671706,2.548,
314,2013-01-01,25,671708,1.81,
315,2013-01-01,25,679442,6.0,
316,2013-01-01,25,679602,1.0,
317,2013-01-01,25,683722,1.0,
318,2013-01-01,25,683723,1.0,
319,2013-01-01,25,692104,2.0,
320,2013-01-01,25,692531,2.0,
321,2013-01-01,25,692537,11.0,
322,2013-01-01,25,699692,11.28,
323,2013-01-01,25,699693,3.702,
324,2013-01-01,25,699703,0.528,
325,2013-01-01,25,700609,4.0,
326,2013-01-01,25,716250,13.0,
327,2013-01-01,25,723184,2.0,
328,2013-01-01,25,723210,1.0,
329,2013-01-01,25,724003,1.0,
330,2013-01-01,25,730258,15.0,
331,2013-01-01,25,730259,20.0,
332,2013-01-01,25,732006,1.0,
333,2013-01-01,25,732007,2.0,
334,2013-01-01,25,740713,1.0,
335,2013-01-01,25,740714,1.0,
336,2013-01-01,25,742735,1.0,
337,2013-01-01,25,742738,1.0,
338,2013-01-01,25,743494,3.0,
339,2013-01-01,25,743496,1.0,
340,2013-01-01,25,743497,1.0,
341,2013-01-01,25,749421,7.0,
342,2013-01-01,25,749720,3.0,
343,2013-01-01,25,752987,3.0,
344,2013-01-01,25,757880,3.0,
345,2013-01-01,25,758861,11.0,
346,2013-01-01,25,759651,2.0,
347,2013-01-01,25,759697,2.0,
348,2013-01-01,25,759698,9.0,
349,2013-01-01,25,759893,3.0,
350,2013-01-01,25,762405,1.0,
351,2013-01-01,25,765092,6.442,
352,2013-01-01,25,765518,2.0,
353,2013-01-01,25,767183,4.0,
354,2013-01-01,25,769312,2.0,
355,2013-01-01,25,769314,3.0,
356,2013-01-01,25,771156,1.0,
357,2013-01-01,25,779122,1.0,
358,2013-01-01,25,781794,1.0,
359,2013-01-01,25,781796,4.0,
360,2013-01-01,25,781797,2.0,
361,2013-01-01,25,781798,2.0,
362,2013-01-01,25,783243,5.0,
363,2013-01-01,25,789223,2.0,
364,2013-01-01,25,789224,1.0,
365,2013-01-01,25,789905,5.0,
366,2013-01-01,25,795612,1.0,
367,2013-01-01,25,796396,5.0,
368,2013-01-01,25,801217,3.0,
369,2013-01-01,25,802832,2.0,
370,2013-01-01,25,802833,1.0,
371,2013-01-01,25,804932,1.0,
372,2013-01-01,25,805788,1.0,
373,2013-01-01,25,807493,6.0,
374,2013-01-01,25,809183,1.0,
375,2013-01-01,25,812716,9.0,
376,2013-01-01,25,812751,8.0,
377,2013-01-01,25,812769,3.0,
378,2013-01-01,25,816606,1.0,
379,2013-01-01,25,819194,2.0,
380,2013-01-01,25,819195,2.0,
381,2013-01-01,25,819206,0.502,
382,2013-01-01,25,819209,1.788,
383,2013-01-01,25,819231,1.055,
384,2013-01-01,25,823245,2.0,
385,2013-01-01,25,827911,2.0,
386,2013-01-01,25,828204,3.0,
387,2013-01-01,25,828632,1.0,
388,2013-01-01,25,829389,1.0,
389,2013-01-01,25,830624,2.0,
390,2013-01-01,25,830625,2.0,
391,2013-01-01,25,830797,2.0,
392,2013-01-01,25,838215,4.0,
393,2013-01-01,25,838216,4.0,
394,2013-01-01,25,838217,1.0,
395,2013-01-01,25,838406,2.0,
396,2013-01-01,25,838407,5.0,
397,2013-01-01,25,838408,1.0,
398,2013-01-01,25,839362,6.0,
399,2013-01-01,25,839363,12.0,
400,2013-01-01,25,839544,1.0,
401,2013-01-01,25,839545,2.0,
402,2013-01-01,25,841197,5.0,
403,2013-01-01,25,841612,4.0,
404,2013-01-01,25,841841,3.0,
405,2013-01-01,25,843462,3.0,
406,2013-01-01,25,843585,2.0,
407,2013-01-01,25,844017,5.0,
408,2013-01-01,25,844019,1.222,
409,2013-01-01,25,847859,12.0,
410,2013-01-01,25,847863,2.0,
411,2013-01-01,25,847894,3.0,
412,2013-01-01,25,848765,1.0,
413,2013-01-01,25,848953,2.0,
414,2013-01-01,25,849098,2.0,
415,2013-01-01,25,850333,1.0,
416,2013-01-01,25,850460,4.0,
417,2013-01-01,25,851982,3.0,
418,2013-01-01,25,852620,2.0,
419,2013-01-01,25,856687,3.0,
420,2013-01-01,25,859529,1.0,
421,2013-01-01,25,859932,2.0,
422,2013-01-01,25,860548,1.0,
423,2013-01-01,25,862213,1.0,
424,2013-01-01,25,862454,9.0,
425,2013-01-01,25,864510,5.0,
426,2013-01-01,25,868529,4.0,
427,2013-01-01,25,870545,1.0,
428,2013-01-01,25,870546,2.0,
429,2013-01-01,25,871421,3.0,
430,2013-01-01,25,872317,1.0,
431,2013-01-01,25,874990,2.0,
432,2013-01-01,25,875604,3.0,
433,2013-01-01,25,878715,1.0,
434,2013-01-01,25,882624,1.0,
435,2013-01-01,25,885543,3.0,
436,2013-01-01,25,888689,9.0,
437,2013-01-01,25,890213,4.0,
438,2013-01-01,25,890215,5.0,
439,2013-01-01,25,890371,1.0,
440,2013-01-01,25,890372,1.0,
441,2013-01-01,25,895291,3.239,
442,2013-01-01,25,902839,1.0,
443,2013-01-01,25,906979,4.0,
444,2013-01-01,25,907684,7.0,
445,2013-01-01,25,908741,1.0,
446,2013-01-01,25,911429,7.0,
447,2013-01-01,25,911871,2.0,
448,2013-01-01,25,913363,3.0,
449,2013-01-01,25,913364,2.0,
450,2013-01-01,25,913521,3.0,
451,2013-01-01,25,913964,1.0,
452,2013-01-01,25,913966,2.0,
453,2013-01-01,25,915310,1.0,
454,2013-01-01,25,915822,1.0,
455,2013-01-01,25,915980,1.0,
456,2013-01-01,25,916885,2.0,
457,2013-01-01,25,916886,2.0,
458,2013-01-01,25,926958,2.0,
459,2013-01-01,25,930247,1.0,
460,2013-01-01,25,936994,2.0,
461,2013-01-01,25,938125,2.0,
462,2013-01-01,25,938126,1.0,
463,2013-01-01,25,938129,4.0,
464,2013-01-01,25,938566,1.0,
465,2013-01-01,25,938567,1.0,
466,2013-01-01,25,938575,4.0,
467,2013-01-01,25,938576,7.0,
468,2013-01-01,25,938657,3.0,
469,2013-01-01,25,938659,8.0,
470,2013-01-01,25,939207,8.0,
471,2013-01-01,25,939662,2.0,
472,2013-01-01,25,940591,1.0,
473,2013-01-01,25,940616,1.0,
474,2013-01-01,25,949297,2.0,
475,2013-01-01,25,949299,1.0,
476,2013-01-01,25,949511,2.0,
477,2013-01-01,25,953427,2.0,
478,2013-01-01,25,953428,1.0,
479,2013-01-01,25,953562,2.0,
480,2013-01-01,25,953609,1.0,
481,2013-01-01,25,954553,4.0,
482,2013-01-01,25,956012,3.0,
483,2013-01-01,25,956014,3.0,
484,2013-01-01,25,957098,3.0,
485,2013-01-01,25,958016,6.0,
486,2013-01-01,25,958514,2.0,
487,2013-01-01,25,968432,8.0,
488,2013-01-01,25,968935,5.0,
489,2013-01-01,25,968936,2.0,
490,2013-01-01,25,968937,2.0,
491,2013-01-01,25,979197,1.0,
492,2013-01-01,25,979199,1.0,
493,2013-01-01,25,988459,17.847,
494,2013-01-01,25,991329,2.0,
495,2013-01-01,25,996122,1.0,
496,2013-01-01,25,996600,1.0,
497,2013-01-01,25,999545,1.0,
498,2013-01-01,25,1003679,3.0,
499,2013-01-01,25,1004550,32.0,
500,2013-01-01,25,1004551,9.0,
501,2013-01-01,25,1009998,1.0,
502,2013-01-01,25,1014865,9.0,
503,2013-01-01,25,1020237,1.0,
504,2013-01-01,25,1028589,17.0,
505,2013-01-01,25,1037838,2.0,
506,2013-01-01,25,1037845,1.0,
507,2013-01-01,25,1037856,17.0,
508,2013-01-01,25,1037857,30.0,
509,2013-01-01,25,1038952,2.0,
510,2013-01-01,25,1040170,2.0,
511,2013-01-01,25,1044592,5.0,
512,2013-01-01,25,1047675,3.0,
513,2013-01-01,25,1047679,32.0,
514,2013-01-01,25,1047680,7.0,
515,2013-01-01,25,1047681,6.0,
516,2013-01-01,25,1047685,6.0,
517,2013-01-01,25,1047686,1.0,
518,2013-01-01,25,1047690,15.0,
519,2013-01-01,25,1047696,27.0,
520,2013-01-01,25,1047698,13.0,
521,2013-01-01,25,1047702,5.0,
522,2013-01-01,25,1047703,5.0,
523,2013-01-01,25,1047705,4.0,
524,2013-01-01,25,1047717,7.0,
525,2013-01-01,25,1047733,4.0,
526,2013-01-01,25,1047743,6.0,
527,2013-01-01,25,1047755,2.0,
528,2013-01-01,25,1047756,8.0,
529,2013-01-01,25,1047757,6.0,
530,2013-01-01,25,1047758,5.0,
531,2013-01-01,25,1047772,12.0,
532,2013-01-01,25,1047773,14.0,
533,2013-01-01,25,1047774,13.0,
534,2013-01-01,25,1047775,5.0,
535,2013-01-01,25,1047786,4.0,
536,2013-01-01,25,1047790,9.0,
537,2013-01-01,25,1052022,1.0,
538,2013-01-01,25,1052563,8.0,
539,2013-01-01,25,1060036,9.0,
540,2013-01-01,25,1062374,10.601,
541,2013-01-01,25,1066900,14.0,
542,2013-01-01,25,1066901,5.0,
543,2013-01-01,25,1070962,5.0,
544,2013-01-01,25,1071949,6.0,
545,2013-01-01,25,1074327,11.0,
546,2013-01-01,25,1076066,1.0,
547,2013-01-01,25,1076155,1.0,
548,2013-01-01,25,1079214,1.0,
549,2013-01-01,25,1079329,2.0,
550,2013-01-01,25,1080021,4.0,
551,2013-01-01,25,1080756,9.0,
552,2013-01-01,25,1081359,1.0,
553,2013-01-01,25,1083152,4.0,
554,2013-01-01,25,1083196,3.0,
555,2013-01-01,25,1084881,2.0,
556,2013-01-01,25,1084882,1.0,
557,2013-01-01,25,1085246,2.891,
558,2013-01-01,25,1086172,1.0,
559,2013-01-01,25,1087270,1.0,
560,2013-01-01,25,1088002,1.0,
561,2013-01-01,25,1089046,1.0,
562,2013-01-01,25,1089843,8.0,
563,2013-01-01,25,1089844,1.0,
564,2013-01-01,25,1090401,15.0,
565,2013-01-01,25,1091365,1.0,
566,2013-01-01,25,1091366,2.0,
567,2013-01-01,25,1097187,5.0,
568,2013-01-01,25,1101724,1.0,
569,2013-01-01,25,1102268,1.0,
570,2013-01-01,25,1102971,3.0,
571,2013-01-01,25,1102975,1.0,
572,2013-01-01,25,1102976,18.0,
573,2013-01-01,25,1104599,1.0,
574,2013-01-01,25,1105212,2.0,
575,2013-01-01,25,1105214,1.0,
576,2013-01-01,25,1109325,2.0,
577,2013-01-01,25,1109389,1.0,
578,2013-01-02,1,103665,2.0,
579,2013-01-02,1,105574,8.0,
580,2013-01-02,1,105575,15.0,
581,2013-01-02,1,105577,2.0,
582,2013-01-02,1,105737,2.0,
583,2013-01-02,1,105857,12.0,
584,2013-01-02,1,106716,2.0,
585,2013-01-02,1,108696,3.0,
586,2013-01-02,1,108698,6.0,
587,2013-01-02,1,108701,3.0,
588,2013-01-02,1,108786,1.0,
589,2013-01-02,1,108797,1.0,
590,2013-01-02,1,108831,35.512,
591,2013-01-02,1,108862,1.0,
592,2013-01-02,1,108952,6.0,
593,2013-01-02,1,111223,7.0,
594,2013-01-02,1,111397,16.0,
595,2013-01-02,1,112830,3.0,
596,2013-01-02,1,114778,10.0,
597,2013-01-02,1,114790,3.0,
598,2013-01-02,1,114799,1.0,
599,2013-01-02,1,114800,10.0,
600,2013-01-02,1,115267,7.0,
601,2013-01-02,1,115611,36.0,
602,2013-01-02,1,115693,4.0,
603,2013-01-02,1,115850,3.0,
604,2013-01-02,1,115891,5.0,
605,2013-01-02,1,115892,37.0,
606,2013-01-02,1,115893,15.0,
607,2013-01-02,1,115894,16.0,
608,2013-01-02,1,116017,14.0,
609,2013-01-02,1,116018,8.0,
610,2013-01-02,1,116279,1.0,
611,2013-01-02,1,116311,2.0,
612,2013-01-02,1,119023,2.0,
613,2013-01-02,1,119024,6.0,
614,2013-01-02,1,119141,13.0,
615,2013-01-02,1,119191,16.0,
616,2013-01-02,1,119624,4.0,
617,2013-01-02,1,121964,1.0,
618,2013-01-02,1,122095,1.0,
619,2013-01-02,1,122419,2.0,
620,2013-01-02,1,122425,1.0,
621,2013-01-02,1,123347,3.0,
622,2013-01-02,1,123601,4.0,
623,2013-01-02,1,125430,5.0,
624,2013-01-02,1,127534,4.0,
625,2013-01-02,1,127547,14.0,
626,2013-01-02,1,129296,1.0,
627,2013-01-02,1,129297,3.0,
628,2013-01-02,1,129635,29.0,
629,2013-01-02,1,129758,9.0,
630,2013-01-02,1,153078,11.0,
631,2013-01-02,1,153267,14.0,
632,2013-01-02,1,153395,5.0,
633,2013-01-02,1,153398,3.0,
634,2013-01-02,1,155601,1.0,
635,2013-01-02,1,155610,1.0,
636,2013-01-02,1,155621,2.0,
637,2013-01-02,1,155625,1.0,
638,2013-01-02,1,158680,5.0,
639,2013-01-02,1,158789,8.0,
640,2013-01-02,1,158842,1.0,
641,2013-01-02,1,158875,3.0,
642,2013-01-02,1,159156,66.819,
643,2013-01-02,1,159242,8.0,
644,2013-01-02,1,162066,8.0,
645,2013-01-02,1,164036,11.0,
646,2013-01-02,1,164037,2.0,
647,2013-01-02,1,164088,6.0,
648,2013-01-02,1,164647,4.0,
649,2013-01-02,1,165550,12.0,
650,2013-01-02,1,165551,8.0,
651,2013-01-02,1,165553,8.0,
652,2013-01-02,1,165594,10.0,
653,2013-01-02,1,165704,6.0,
654,2013-01-02,1,165705,3.0,
655,2013-01-02,1,165718,4.0,
656,2013-01-02,1,165727,3.0,
657,2013-01-02,1,165988,6.0,
658,2013-01-02,1,167437,4.0,
659,2013-01-02,1,168927,20.0,
660,2013-01-02,1,168930,25.0,
661,2013-01-02,1,168989,1.0,
662,2013-01-02,1,169101,1.0,
663,2013-01-02,1,170791,8.0,
664,2013-01-02,1,172184,5.0,
665,2013-01-02,1,172343,23.0,
666,2013-01-02,1,173111,6.0,
667,2013-01-02,1,173113,2.0,
668,2013-01-02,1,174081,8.0,
669,2013-01-02,1,177050,2.0,
670,2013-01-02,1,177395,1.0,
671,2013-01-02,1,179274,11.0,
672,2013-01-02,1,179564,2.0,
673,2013-01-02,1,179615,14.0,
674,2013-01-02,1,205387,7.0,
675,2013-01-02,1,205486,8.0,
676,2013-01-02,1,205557,5.0,
677,2013-01-02,1,207857,3.0,
678,2013-01-02,1,208384,32.0,
679,2013-01-02,1,208386,7.0,
680,2013-01-02,1,208426,6.0,
681,2013-01-02,1,208498,10.0,
682,2013-01-02,1,208514,1.0,
683,2013-01-02,1,208539,1.278,
684,2013-01-02,1,208659,2.0,
685,2013-01-02,1,208699,4.0,
686,2013-01-02,1,209085,3.0,
687,2013-01-02,1,210520,2.0,
688,2013-01-02,1,210798,4.0,
689,2013-01-02,1,211205,1.0,
690,2013-01-02,1,211999,2.0,
691,2013-01-02,1,212550,1.0,
692,2013-01-02,1,213066,6.0,
693,2013-01-02,1,213652,23.0,
694,2013-01-02,1,213653,3.0,
695,2013-01-02,1,213788,1.0,
696,2013-01-02,1,214381,14.0,
697,2013-01-02,1,214860,3.0,
698,2013-01-02,1,214862,1.0,
699,2013-01-02,1,215303,4.0,
700,2013-01-02,1,215327,10.0,
701,2013-01-02,1,215332,3.0,
702,2013-01-02,1,215352,24.0,
703,2013-01-02,1,215356,5.0,
704,2013-01-02,1,215468,4.0,
705,2013-01-02,1,215896,13.0,
706,2013-01-02,1,218726,1.0,
707,2013-01-02,1,219147,1.0,
708,2013-01-02,1,219150,33.0,
709,2013-01-02,1,220435,24.0,
710,2013-01-02,1,220613,5.0,
711,2013-01-02,1,221506,7.0,
712,2013-01-02,1,222879,10.0,
713,2013-01-02,1,222975,3.0,
714,2013-01-02,1,223136,4.0,
715,2013-01-02,1,223434,6.0,
716,2013-01-02,1,226126,1.0,
717,2013-01-02,1,226857,12.0,
718,2013-01-02,1,227111,9.0,
719,2013-01-02,1,227728,7.0,
720,2013-01-02,1,229368,6.0,
721,2013-01-02,1,246052,2.0,
722,2013-01-02,1,252698,6.792,
723,2013-01-02,1,252970,3.0,
724,2013-01-02,1,252972,5.0,
725,2013-01-02,1,253145,2.0,
726,2013-01-02,1,255161,2.0,
727,2013-01-02,1,255202,3.0,
728,2013-01-02,1,257847,30.0,
729,2013-01-02,1,257848,19.0,
730,2013-01-02,1,258268,3.0,
731,2013-01-02,1,258376,6.0,
732,2013-01-02,1,258395,2.0,
733,2013-01-02,1,258396,9.0,
734,2013-01-02,1,258411,4.0,
735,2013-01-02,1,260669,6.0,
736,2013-01-02,1,260893,9.0,
737,2013-01-02,1,261052,23.0,
738,2013-01-02,1,261053,6.0,
739,2013-01-02,1,261700,3.0,
740,2013-01-02,1,262358,2.0,
741,2013-01-02,1,262991,5.0,
742,2013-01-02,1,264299,1.0,
743,2013-01-02,1,264300,1.0,
744,2013-01-02,1,264452,4.0,
745,2013-01-02,1,264576,7.0,
746,2013-01-02,1,264751,1.0,
747,2013-01-02,1,264752,4.0,
748,2013-01-02,1,264753,9.0,
749,2013-01-02,1,265237,3.0,
750,2013-01-02,1,265254,24.0,
751,2013-01-02,1,265258,1.0,
752,2013-01-02,1,265279,5.0,
753,2013-01-02,1,265382,4.0,
754,2013-01-02,1,265559,36.0,
755,2013-01-02,1,265672,1.0,
756,2013-01-02,1,265700,4.0,
757,2013-01-02,1,268440,3.0,
758,2013-01-02,1,268443,24.0,
759,2013-01-02,1,268623,5.0,
760,2013-01-02,1,268662,4.0,
761,2013-01-02,1,268664,4.0,
762,2013-01-02,1,268676,2.0,
763,2013-01-02,1,269029,9.0,
764,2013-01-02,1,269084,9.0,
765,2013-01-02,1,270522,1.0,
766,2013-01-02,1,271478,2.0,
767,2013-01-02,1,271479,12.0,
768,2013-01-02,1,273528,25.0,
769,2013-01-02,1,273859,2.0,
770,2013-01-02,1,275823,4.0,
771,2013-01-02,1,279157,4.0,
772,2013-01-02,1,279494,2.0,
773,2013-01-02,1,302952,4.0,
774,2013-01-02,1,302997,1.0,
775,2013-01-02,1,302998,8.0,
776,2013-01-02,1,305079,15.0,
777,2013-01-02,1,305080,32.0,
778,2013-01-02,1,305227,3.0,
779,2013-01-02,1,305229,55.0,
780,2013-01-02,1,305341,28.0,
781,2013-01-02,1,305344,12.0,
782,2013-01-02,1,308726,2.0,
783,2013-01-02,1,308766,1.0,
784,2013-01-02,1,308924,2.0,
785,2013-01-02,1,310644,52.0,
786,2013-01-02,1,310647,1.0,
787,2013-01-02,1,310671,8.0,
788,2013-01-02,1,311954,9.0,
789,2013-01-02,1,311994,34.652,
790,2013-01-02,1,312113,2.0,
791,2013-01-02,1,312324,5.0,
792,2013-01-02,1,312596,1.0,
793,2013-01-02,1,314384,41.0,
794,2013-01-02,1,314570,3.0,
795,2013-01-02,1,314881,7.0,
796,2013-01-02,1,315176,29.0,
797,2013-01-02,1,315178,7.0,
798,2013-01-02,1,315179,34.0,
